company/name,title,company/name,location,job_clean
Metrodata,Data Scientist,Metrodata,Jakarta Raya,we are looking for an experienced data scientist to join our team if you have excellent programming skills and a passion for developing applications or improving existing ones we would like to meet you as a data scientist you ll work closely with our engineers to ensure system consistency and improve user experience data scientist roles and responsibilities include develop data science model using various machine learning platform such as cloudera data science workbench cdsw google ai azure ml imb watson aws sagemaker sas r python or others follow project timeline to ensure project complete on time and on budget develop new product in machine learning area such as demand forecasting product recommendation or basket analysis and other solution improve competencies in machine learning area pt metrodata electronics tbk digital solution provider technology innovator would like to invite you to be part of the company to develop yourself and your skills if you are bachelor s degree computer science information technology 2 3 years of experience in data modelling predictive modelling and in developing machine learning knows programming language e g r python scala passion in big data analytics a strong mix of mathematical statistical and programming skills solid analytical and problem solving skills to create data driven insights if you meet the requirement we needed let s apply for the following open positions metrodata not just offer for the job we offer you for brighter career future
Kredivo Group,Data Scientist,Kredivo Group,Jakarta Raya,as a data scientist you ll be part of a team that is working on cutting edge machine learning models you will work side by side with analysts and machine learning engineers and take full ownership of your work from the initial idea generation phase to the implementation of the final product our ideal candidate is result focused innovative has a solid quantitative background and a good business understanding about the role working in a multi disciplined team where you ll take full ownership of turning discoveries and ideas into machine learning models prototyping diverse machine learning models from credit scoring to recommendation engine researching development on how to improve our models by using our vast amount and unique set of data actively contribute to taking data science at kredivo group to the next level about you minimum 2 years of relevant work experience graduated from the major of or equivalent experience in a quantitative field i e computer science mathematics statistics econometrics engineering artificial intelligence capable to build robust end to end predictive models using the latest machine learning techniques and methodologies proficiency in python or r exposure to rdbms i e mysql postgresql and no sql platforms i e s3 excellent english communication skills bonus points optional for experience with alternate data to evaluate credit risk experience in building end to end deep learning and or nlp models thank you for your interest in kredivo we re thrilled that you d like to join our company unfortunately days are short and applicants are many so we won t have time to meet everyone if you are among qualified candidates you will receive a call or email from our talent acquisition team li al1
Sharing Vision Indonesia,Data Scientist,Sharing Vision Indonesia,"Jakarta Pusat, Jakarta Raya",data scientist bertugas untuk melakukan pengembangan permodelan machine learning atau artificial intelligent yang diperlukan untuk menjawab permasalah yang ingin dipecahkan client penempatan wfo di jakarta persyaratan berpengalaman dalam pekerjaan terkait data scientist minimal 2 tahun pernah terlibat dalam beberapa use case data science pernah menggunakan library langchain llamaindex dan pernah menggunakan microsoft specific azure openai llm dan azure ai search search index vector database mempunyai sertifikasi professional data scientist seperti cdsm cdsp advance dalam bahasa pemrograman python pyspark untuk pemodelan machine learning advance dalam sql advance dalam teknik pemodelan machine learning artificial intelligent dan statistik i e classification regression clustering fraud detection credit scoring advance dalam menggunakan tableau google analytics tools dashboard lainnya pengalaman dalam teknologi big data spark hive impala lebih diutamakan memiliki sertifikasi atau training data science dari lembaga resmi
New Connected Indonesia,Data Scientist,New Connected Indonesia,Jakarta Raya,key responsibilities design develop and deploy machine learning models to solve business problems and optimize processes create dynamic dashboards and visualizations using power bi and other bi tools to communicate insights effectively integrate and analyze data from multiple sources internal and external to ensure comprehensive reporting collaborate with cross functional teams and third party vendors to deliver project objectives work closely with the sales director to develop dashboards and reports that support sales operations present findings and recommendations to stakeholders in a clear concise manner ensure data integrity security and compliance with company standards required skills competencies technical expertise strong knowledge of sql database languages and data modeling proficiency in power bi python r and machine learning frameworks familiarity with agentic ai concepts and applications analytical skills ability to interpret complex datasets and generate actionable insights experience in predictive modeling and statistical analysis communication presentation excellent verbal and written communication skills ability to present technical findings to non technical stakeholders project management experience working on project based assignments with external partners qualifications bachelor s or master s degree in data science computer science statistics or related field minimum 5 years of experience in data science roles within fmcg companies proven track record of delivering machine learning driven dashboards and analytics placement pasar rebo east jakarta
Infomedia,Officer Data Scientist,Infomedia,"Kebayoran Lama, Jakarta Raya",job description 1 evaluasi performansi dampak bisnis ai a business understanding pemahaman ruang lingkup proses bisnis b data preparation melakukan pengumpulan data data quality assurance terkait performansi dampak bisnis ai c data processing modelling melakukan proses pengolahan data summarization modelling d presentation consulting membuat laporan memberikan rekomendasi presentasi 2 pembuatan konsep solusi analytics a discovery pemahaman proses bisnis identifikasi permasalahan b formulate membuat konsep solusi analytics mendefinisikan kebutuhan cost c presentation consulting membuat material komunikasi konsep solusi presentasi konsultasi terkait solusi analytics job requirement 1 minimal s1 jurusan data science statistics atau bidang terkait 2 minimal pengalaman 1 tahun di peran analisis problem solving 3 pemahaman proses bisnis kemampuan untuk formulasi kerangka untuk evaluasi performansi dampak bisnis 4 menguasai tools data sql for data management r or python data processing modelling data visualization tools power bi tablue bi tools 5 kemampuan komunikasi verbal visual termasuk kemampuan untuk mendeskripsikan konsep teknis yang kompleks kepadastakeholder non teknis skill requirement information security
New Era Innovation Industrial,DATA ANALYST,New Era Innovation Industrial,"Semarang, Jawa Tengah",kualifikasi minimum pendidikan minimal s1 di bidang akuntansi matematika ekonomi atau bidang terkait pengalaman 1 2 tahun sebagai data analyst atau memiliki pengalaman di bidang data analitik maupun operasional lebih disukai mampu berbahasa inggris dengan baik lisan dan tulisan mampu berbahasa mandarin menjadi nilai tambah lisan dan tulisan menguasai microsoft excel google sheets tingkat lanjut pivot table vlookup xlookup data model formula kompleks dll memiliki kemampuan melakukan data cleaning data transformation dan agregasi data secara efektif memiliki kemampuan analisis yang kuat detail oriented dan cepat tanggap dalam mengidentifikasi masalah mampu berpikir logis dan analitis serta mampu menemukan pola dari data memiliki kemampuan komunikasi yang baik untuk menyajikan data secara jelas dan terstruktur memiliki pengalaman di industri printing packaging akan menjadi nilai tambah deskripsi pekerjaan melakukan proses data cleaning secara menyeluruh dan memastikan keakuratan dan konsistensi data yang digunakan dalam laporan maupun analisis menyusun dan menyajikan laporan kinerja operasional secara rutin baik harian mingguan maupun bulanan sesuai kebutuhan perusahaan menyusun dan membantu laporan lain yang dibutuhkan manajemen
Prudential Group,Apprenticeship - Data Analytics,Prudential Group,"Jakarta Selatan, Jakarta Raya",responsibilities assist in collecting cleaning and organizing datasets perform data analysis and generate insights for projects and reporting create dashboards or visual reports using tools like excel google sheets or data visualization software support the team in decision making through data driven inputs conduct research and basic forecasting when required requirements final year student or recent graduate in statistics data science engineering computer science or related fields strong analytical and critical thinking skills familiar with data analysis tools excel google sheets bonus sql python tableau power bi detail oriented and loves working with numbers self motivated curious and eager to learn
Rumah Sakit Anwar Medika,Data Analyst,Rumah Sakit Anwar Medika,"Sidoarjo, Jawa Timur",data analyst kualifikasi 1 minimal s1 diutamakan jurusan statistika matematika ilmu kesehatan masyarakat teknik komputer atau jurusan yang berkecimpung dangan pengolahan data 2 memiliki pengalaman di bidang data analysis dan atau statistic menjadi nilai tambah 3 paham metode statistika dan visualisasi data 4 memiliki pengalaman dengan software statistic atau analisis data seperti spss excel r python tableau atau yang lain lain 5 memiliki kemampuan komunikasi yang baik untuk mempresentasikan temuan data dengan jelas dan efektif kepada non technical stakeholders 6 memiliki kemampuan problem solving yang baik untuk mengidentifikasi masalah yang berkaitan dengan data 7 detail dan teliti untuk memastikan keakuratan pada data yang dianalisa deskripsi pekerjaan 1 mengolah data dan memvisualkan data terutama dibidang kesehatan dan manajemen rumah sakit dan klinik 2 melakukan proses data cleaning secara menyeluruh dan memastikan keakuratan dan konsistensi data yang digunakan dalam laporan maupun analisis 3 menyusun dan membantu laporan lain yang dibutuhkan manajemen marketing pengadaan dsb 4 melakukan analisis forecast dan menyajikan insight yang relevan untuk mendukung efektivitas pemasaran dan strategi bisnis rumah sakit dan klinik 5 mendukung tim kolaborasi dengan departemen lain untuk pertimbangan pengambilan keputusan berdasarkan data
PT Pantja Artha Niaga,Data Analyst,PT Pantja Artha Niaga,"Jakarta Pusat, Jakarta Raya",kualifikasi minimum pendidikan minimal s1 di bidang statistika matematika ekonomi teknologi informasi atau bidang terkait pengalaman minimal 1 2 tahun sebagai data analyst atau memiliki pengalaman di bidang data analitik maupun operasional mampu berbahasa inggris dengan baik lisan dan tulisan menguasai microsoft excel google sheets tingkat lanjut pivot table vlookup xlookup data model formula kompleks dll memiliki kemampuan melakukan data cleaning data transformation dan agregasi data secara efektif memiliki kemampuan analisis yang kuat detail oriented dan cepat tanggap dalam mengidentifikasi masalah mampu berpikir logis dan analitis serta mampu menemukan pola dari data memiliki kemampuan komunikasi yang baik untuk menyajikan data secara jelas dan terstruktur memiliki kemampuan analisis forecast peramalan menjadi nilai tambah memiliki pengalaman di industri f b retail atau fmcg akan menjadi nilai tambah deskripsi pekerjaan melakukan proses data cleaning secara menyeluruh dan memastikan keakuratan dan konsistensi data yang digunakan dalam laporan maupun analisis menyusun dan menyajikan laporan kinerja operasional secara rutin baik harian mingguan maupun bulanan sesuai kebutuhan perusahaan menyusun dan membantu laporan lain yang dibutuhkan manajemen sales distribusi dan stok melakukan proses pengumpulan dan verifikasi struktur data distributor dengan memastikan setiap data yang diterima telah disesuaikan dengan format standar yang telah ditetapkan oleh perusahaan menganalisis tren penjualan pola permintaan musiman serta konstribusi tiap produk dan wilayah melakukan analisis forecast dan menyajikan insight yang relevan untuk mendukung efektivitas pemasaran dan strategi distribusi mendukung tim sales marketing dengan data analitik untuk pengambilan keputusan
Pesta Pora Abadi,Data Scientist Manager,Pesta Pora Abadi,"Jakarta Selatan, Jakarta Raya",qualifications bachelor s or master s degree in computer science data science statistics mathematics or other quantitative fields minimum 5 years of applied data science or ai experience with a proven track record of delivering measurable business impact experience in f b retail or fast paced startup environments plus strong python skills including experience with libraries such as scikit learn tensorflow pytorch xgboost and frameworks like langchain or openai api plus proven experience in deploying machine learning models using ml platforms e g mlflow vertex ai azure ml or similar strong understanding of statistics experiment design a b testing and regression methods ability to translate complex models and insights into clear business recommendations familiarity with dbt airflow or other data pipeline orchestration tools plus interest or hands on exposure to llms generative ai or applied ai development plus strong problem solving skills analytical mindset and attention to detail excellent communication and stakeholder management skills able to collaborate with business product and engineering teams hands on leadership style able to mentor analysts scientists and elevate team capabilities proactive collaborative and drives ai literacy and responsible ai adoption across the organization placement hybrid jakarta malang
Greenly Lifestyle Indonesia,Data Science Analyst / Analis,Greenly Lifestyle Indonesia,"Surabaya, Jawa Timur",key responsibilities collect clean and analyze data from various sources build and maintain reports and dashboards to track business performance perform data validation and integrity checks across systems translate business questions into analytical problems and provide actionable insights collaborate with cross functional teams to understand data requirements and deliver solutions support data driven decision making processes across departments must have qualifications advanced skills in excel and google sheets including formulas such as index match importrange and query intermediate proficiency in python especially in data analysis libraries like pandas numpy matplotlib and seaborn basic sql query skills for working with relational databases strong logical and critical thinking skills with the ability to solve complex problems efficiently attention to detail and a proactive attitude toward data quality and accuracy preferred qualifications nice to have experience with bi tools e g google data studio power bi looker understanding of statistical analysis or forecasting methods exposure to cloud based platforms like google cloud platform or aws
Datapower,Data Analytics & Machine Learning Consultant - Entry Level,Datapower,"Jakarta Barat, Jakarta Raya",we only hire the best join our elite consulting team english fluency is a must to work with global clients and experts datapower is a leading fintech consulting company specializing in personal digital lending credit risk modeling fraud detection and ai driven operational marketing we empower banks multi finance companies and other financial institutions in southeast asia and africa with innovative ai driven solutions as we expand our presence in indonesia we are looking for high potential consultants with strong capabilities in data analytics statistics and machine learning to join our expert team what you ll do work on data driven fintech consulting projects across credit risk fraud detection and marketing analytics build analyze and optimize machine learning models for client specific use cases extract insights from financial behavioral and alternative data sources e g slik app data transactions support client implementation and documentation of analytical models collaborate with data scientists business analysts and industry experts across project phases who we re looking for we are seeking top tier university graduates with outstanding academic performance gpa 3 5 4 0 majors computer science statistics mathematics data science financial engineering technical skills solid understanding of machine learning and statistical algorithms proficient in python and sql familiarity with model evaluation feature engineering and data visualization mindset analytical thinker proactive problem solver and collaborative team playerpreferred qualifications internship or work experience in data science or analytics roles exposure to financial services fintech or credit scoring projects experience with cloud platforms e g gcp aws is a plus if you re ready to accelerate your career work with global experts and create real impact for banks and fintechs across southeast asia and africa apply now and be part of our journey
Central Mega Kencana,Data Analyst,Central Mega Kencana,"Jakarta Timur, Jakarta Raya",pt central mega kencana is seeking a skilled and detail oriented data analyst to join our team at cmk studio east jakarta the ideal candidate has strong analytical skills and is experienced in transforming data into meaningful insights to support business decision making key responsibilities collect process and analyze large sets of data from various sources develop dashboards and visual reports using power bi and tableau provide data driven insights and recommendations to support business strategies collaborate with cross functional teams to understand data needs and reporting requirements ensure accuracy consistency and integrity of data across all reports requirements bachelor s degree s1 minimum preferably in statistics mathematics computer science information systems or related fields proven experience as a data analyst or similar analytical role strong proficiency in power bi and tableau mandatory solid understanding of data processing visualization and analytical methods strong attention to detail problem solving skills and the ability to communicate insights clearly can work immediately must have a clean bi checking record
Suzuki,Data Analyst,Suzuki,"Pulo Gadung, Jakarta Raya",job description prepare a customer satisfaction survey with the appropriate method ensuring the achievement of customer satisfaction scores above the targets set ensuring the quality of internal surveys and conducting analysis execute and evaluate action plans and campaigns to increase customer satisfaction requirements bachelor master s degree in statistics mathematics management or it with a minimum gpa of 3 00 from a reputable university have a minimum of 2 years experience in data analysis customer satisfaction customer survey skills fluent in english verbal written microsoft office minimal intermediate planning and organizing skills customer service oriented looking for character development timeline planning work with cross function team strong analytical and logical thinking good interpersonal communication able to work as a team or independent
Koinworks,Data Analyst,Koinworks,"Jakarta Selatan, Jakarta Raya",responsibilities providing data analytics for the lending portfolio to support decision making on the lending business providing data source for operational needs that can be consumed by various team credit underwriting risk collection business team supporting with data tracking of the system app website used in lending business to optimize the business process support business units in providing business intelligence dashboard through tableau power bi or other performance dashboard tool to manage any data acquisition data integration through etl elt process to support data ingestion and transformation requirements at least a bachelor s defree in statistics mathematics computer science computing economics or finance minimum 3 years experience as data analyst preferably in lending company multifinance bank or fintech experience and deep understanding of sql r python programming or other programming language experience with data visualization tools e g tableau power bi looker qliksense will be an advantage hardworking and able to work under tight dateline pressure in fast pace company environment
Adi Data Informatics,Data Engineer,Adi Data Informatics,Jakarta Raya,data engineer minimal s1 sederajat diutamakan jurusan teknologi informasi teknik informatika ilmu komputer manajemen informatika teknik komputer data science matematika statistika dan sejenisnya pengalaman minimal 3 tahun diutamakan berperan dalam analisis data preferensi dalam industri terkait memiliki pengalaman dan kemampuan terkait pyspark oozie airflow ibm data stage cloudera oracle dsb lebih diutamakan memiliki pengalaman dalam menggunakan analytics tools seperti excel tableau atau power bi lebih diutamakan memiliki pengalaman dan atau pengetahuan terkait pemrograman scripting dalam data processing seperti phyton r java dsb lebih diutamakan memiliki pengalaman dan atau pengetahuan terkait konsep data pipeline lebih diutamakan memiliki sertifikasi di bidang data engineer sql oracle cloudera level intermediate lebih diutamakan memiliki pengalaman pengembangan aplikasi secara agile memiliki pengalaman pengembangan data warehouse
University of Bunda Mulia,Data Science Lecturer (UBM Kampus Ancol),University of Bunda Mulia,"Jakarta Utara, Jakarta Raya",job descriptions provide the best learning experience to improve faculty competitive advantage be enthusiastic and passionate to carry out research and produce publication contribute actively on community services contribute to the development planning and implementation of a high quality curriculum participate in the administration of the department s programs of study and other activities as requested requirements candidate must possess at least doctoral degree master s degree in data science computer studies it business information system from reputable university candidate must possess at least 1 2 years of working experience in data science statistic artificial intelligence ai programming data analytics or data visualization is required in this position have nidn and maintains jja government academic credential rank from dikti is highly preferable or fresh graduate are welcome to apply exellent observation and listening skills good analytical thinking solid conceptual and excellent teaching skill open position for full time lecturer placement at ubm ancol
Best Agro International,Data Analyst Teknik,Best Agro International,"Jakarta Selatan, Jakarta Raya",uraian pekerjaan membuat dan menganalisa laporan laporan dept teknik meliputi laporan transportasi sipil dan infrastruktur mengidentifikasi faktor penyebab terjadinya masalah yang terjadi di lapangan serta menemukan solusi masalah kualifikasi s1 teknik agronomi teknologi informasi atau jurusan lain yang terkait berpengalaman sebagai kasie teknik agronomi expert dalam menggunakan ms excel bersedia penempatan di head office kuningan jakarta selatan hari kerja operasional senin sabtu regular office days
University of Bunda Mulia,Dosen Prodi Data Science (UBM Kampus Serpong),University of Bunda Mulia,"Tangerang, Banten",kualifikasi umum mampu bekerja secara multi tasking dan bekerja dalam tim team player menguasai microsoft office internet dan mampu berbahasa inggris min pasif kualifikasi khusus pendidikan s3 ataupun sedang menekuni pendidikan s3 memiliki pengalaman minimal 1 tahun sebagai dosen di perguruan tinggi memiliki pengalaman penelitian di bidang ai machine learning data warehousing basis data management memiliki kompetensi di bidang data science terkait kecerdasan buatan ai pemrograman data analisis dan data visual penempatan ubm alam sutera tangerang
,Machine Learning Engineer,,"Cilegon, Banten",about the role become a key member of the technology team at pt lotte innovate indonesia as a full time machine learning engineer in this role you will be responsible for developing and implementing advanced machine learning models and algorithms to drive innovation and solve complex business challenges the position is based in cilegon banten what you ll be doing design and develop machine learning models and algorithms to tackle a variety of business problems collaborate with cross functional teams to understand business requirements and translate them into technical solutions implement and optimise machine learning models ensuring they are accurate efficient and scalable analyse and interpret complex data sets to extract meaningful insights stay up to date with the latest advancements in machine learning and apply innovative techniques to drive continuous improvement document and communicate your work to technical and non technical stakeholders mentor and guide junior team members in machine learning best practices what we re looking for degree in computer science artificial intelligence machine learning or a related technical field 5 years of experience in developing and deploying machine learning models in a production environment proficiency in programming languages such as python tensorflow pytorch or keras strong understanding of machine learning algorithms data preprocessing model selection and evaluation experience in deploying and maintaining machine learning models in cloud environments excellent problem solving and analytical skills with a keen eye for detail strong communication skills to effectively collaborate with cross functional teams
Kinarya Alihdaya Mandiri,Data Scienties / Data Engineer / Data Analitics,Kinarya Alihdaya Mandiri,Jakarta Raya,requirement pendidikan minimal s1 teknik informatika sistem informasi teknik telekomunikasi manajemen informatika statistika matematika memahami pemrograman python shell script dan sql query database dan scipting unix linux paham terkait pandas memiliki pengalaman kerja minimal 1 tahun dibidang data analitics lebih disukai memahami aplikasi pentaho tableau dan hadoop dapat bekerja dalam team komunikatif dapat menangani tugas secara bersamaan multitasking dan fast learner menguasai ms office dengan baik bersedia berkerja overtime responsibilities membuat reporting daily weekly monthly mengerjakan hal yang berhungan dengan sql database pengolahan data menggunakan sql data entry excel bertanggungjawab dalam menggabunkan database pengolahan bigdata membuat dashboard melakukan analisa laporan membuat script sql
Tuntun Sekuritas Indonesia,Data Engineer,Tuntun Sekuritas Indonesia,"Jakarta Utara, Jakarta Raya",responsibilities extract data using web scraping and api integrations develop and maintain scalable data crawlers for diverse sources developing and maintaining data pipelines for efficient data extraction transformation and loading etl processes ensure data quality through validation processes document technical specifications and workflows collaborating with data analysts data architects and software engineers to understand data requirements and deliver relevant data sets participating in data governance and compliance efforts to meet regulatory requirements collaborating with cross functional teams to drive data driven decision making within the organization requirements more than 2 years of relevant experience or significant internship proficiency in programming languages like python java or sql basic knowledge of data modeling and database management familiarity with etl extract transform load processes understanding of data warehousing concepts must have experience of extracting data from html and web crawling strong problem solving and analytical abilities eagerness to learn and adapt to new data technologies and tools
Warna Warni Media,Artificial Intelligence,Warna Warni Media,"Surabaya, Jawa Timur",job description merancang dan membangun model berbasis computer vision untuk keperluan deteksi objek klasifikasi atau analisis citra lainnya mengembangkan pipeline digital image processing untuk preprocessing peningkatan kualitas gambar atau transformasi membuat dan mengelola api dengan flask termasuk integrasi dengan sistem berbasis windows iis jika diperlukan mengelola vector database milvus chromadb pinecone dll untuk menyimpan dan mencari embedding dari data visual atau teks melakukan deployment model secara local atau pada dedicated server baik linux maupun windows troubleshooting performa dan kompatibilitas lintas sistem berkolaborasi dengan tim engineering lain untuk mengintegrasikan solusi ai dalam ekosistem aplikasi perusahaan qualification lulusan s1 matematika ilmu komputer ilmu data atau bidang terkait pengalaman mendalam dengan computer vision yolo opencv dll dan digital image processing mahir dalam python dan library pendukung seperti numpy scikit learn pil dll pengalaman membangun dan mengelola rest api menggunakan flask pengalaman menggunakan fastapi untuk api yang lebih efisien dan asinkron pengalaman bekerja pada sistem operasi linux dan windows termasuk pemahaman iis untuk integrasi backend di windows pengalaman deployment model secara mandiri on premise familiar dengan deployment menggunakan docker atau virtual environment familiar dengan penggunaan vector database untuk pencarian semantik milvus pinecone chromadb weaviate dsb pengalaman bekerja minimum 1 tahun pada artificial intelligence freshgraduate welcome for apply
Lensa Makmur Sejahtera,Environmental Computational Modelling & Data Analyst,Lensa Makmur Sejahtera,"Semarang, Jawa Tengah",pt lensa makmur sejahtera perusahaan konsultan lingkungan dengan kantor di jakarta yogyakarta dan surabaya membuka kesempatan bagi talenta dengan kemampuan analisis komputasional pemrograman dan software teknis untuk bergabung dalam tim kami sebagai environmental computational modelling data analyst posisi ini berperan mendukung proses penyusunan dokumen dan kajian lingkungan melalui penggunaan berbagai software modelling data processing pemrograman ringan serta pengembangan workflow digital anda tidak diwajibkan memiliki latar belakang lingkungan yang terpenting adalah kemampuan logika ketelitian dan kecepatan belajar software baru jadilah partner jika anda senang belajar software baru dan bereksperimen dengan tools teknis cepat memahami alur kerja dan kebutuhan teknis project terbiasa dengan data coding dasar script atau automasi menyukai tantangan teknis komputasi dalam konteks isu lingkungan teliti analitis dan mampu bekerja dalam ritme project yang dinamis mampu berkomunikasi dan berkolaborasi dalam tim lintas disiplin tanggung jawab utama mengoperasikan software modelling dan komputasi yang dibutuhkan project mengolah data teknis numerik meteorologi dan geospasial menyusun script sederhana untuk automasi proses python js r mengembangkan workflow atau pipeline analisis berbasis it menyiapkan visualisasi data grafik peta dashboard layout gis melakukan pengecekan kualitas qc pada input output pemodelan mengintegrasikan data dalam sistem penyimpanan dan versioning internal mendukung kajian emisi inventarisasi grk dan proses teknis dokumen lingkungan berkolaborasi dengan tim compliance untuk kebutuhan teknis software data melakukan troubleshooting dasar pada software modelling atau tools analisis mempelajari software baru terkait modelling dan analisis sesuai kebutuhan project kualifikasi pendidikan s1 s2 dari teknik informatika sistem informasi ilmu komputer statistika data science teknik elektro atau bidang terkait menguasai minimal satu bahasa pemrograman python javascript r c atau lainnya mampu mempelajari software teknis atau modelling dengan cepat familiar dengan gis qgis arcgis gee merupakan nilai tambah memiliki dasar logika pemrograman analisis data dan troubleshooting disiplin komunikatif dan mampu bekerja dalam tim bersedia ditempatkan di semarang yogyakarta dan melakukan perjalanan dinas bila diperlukan benefits competitive salary flexible working place full employment annual bonus setelah memenuhi masa kerja 1 tahun kesempatan belajar langsung dari praktisi modelling data lingkungan kerja suportif agile dan kolaboratif
Accentuates,Data Analyst,Accentuates,Jakarta Raya,kualifikasi pendidikan minimal s1 jurusan matematika statistika ilmu komputer teknik industri atau jurusan yang relevan memiliki pengalaman di bidang analisa data atau posisi yang sama menjadi nilai plus paham terkait metode statistika dan teknik visualisasi data memiliki pengalaman mengoperasikan software analisa data seperti sql microsoft excel tableau r phyton memiliki kemampuan komunikasi yang baik untuk mempresentasikan temuan data dengan jelas dan efektif kepada non technical stakeholders memiliki kemampuan problem solving yang baik untuk mengidentifikasi masalah yang berkaitan dengan data detail dan teliti untuk memastikan keakuratan pada data yang dianalisa bersedia untuk penempatan di jakarta pusat
Matahari Department Store,Data Analyst,Matahari Department Store,"Karawaci, Banten",responsibilities collect manage and analyze large datasets related to store performance and operational efficiency support ongoing business and improvement projects by providing data insights reports and dashboards collaborate with cross functional teams operations merchandising and finance to ensure accuracy and consistency of business data assist in identifying trends issues and opportunities based on data analysis to support decision making develop and improve data tracking systems or templates to increase reporting efficiency requirements bachelor s degree in business statistics industrial engineering or a related field 1 2 years of experience in data analysis business operations or project support strong analytical and numerical skills with attention to detail proficient in microsoft excel and familiar with data visualization tools comfortable handling large datasets and transforming them into actionable insights
Saff & Co.,Data Analyst,Saff & Co.,"Jakarta Barat, Jakarta Raya",job description oversee the collection integration and management of data across multiple sales channels develop and maintain data pipelines to ensure data reliability and analytical readiness perform systematic data cleansing transformation and validation activities conduct comprehensive analyses related to sales performance market behavior and campaign effectiveness implement predictive modeling and advanced statistical methods to support business planning create impactful dashboards charts and reports for strategic decision making provide strategic recommendations derived from data driven insights coordinate with cross departmental teams to support analytical requirements ensure data governance quality control and consistency of analytical processes evaluate and enhance internal processes based on analytical findings qualifications bachelor s degree in informatics engineering computer science mathematics statistics or equivalent minimum 2 years of relevant experience as a data analyst previous experience in the beauty personal care industry is advantageous advanced proficiency in analytical programming tools python sql r familiarity with business intelligence platforms such as power bi or tableau exceptional attention to detail with strong problem solving skills ability to collaborate effectively within a cross functional environment strong presentation and communication abilities
CIMB Niaga,Junior Business Data Analyst,CIMB Niaga,"Tangerang, Banten",job description business partners and analytics driven specialist for identifying incremental business revenue and volume potential through quantitative methodology by developing actionable insights identification of business opportunities formulating various business insights through the use of analytics driven methodology and scoring method to identify business opportunities and improve business performances complete preparation of business insights framework from opportunities gathering data sizing business presentation and revenue volume impact analysis prepare strategic recommendations and solution to answer business problems proactively collaborate with product and sales team to apply customer insights generate smart leads to respective business units for cross sell up sell activities develop propensity modeling for generating smart leads with higher probability to improve sales productivity and customer s experience qualifications work experience bachelor s master degree in economics finance or statistics mathematics min gpa 3 00
Mane Indonesia,Data & Application Support Staff,Mane Indonesia,Cikarang,as a valued member of our it team you ll play a crucial role in ensuring the excellence of our quality systems daily you ll also have exciting opportunities to drive innovation and enhance our manufacturing processes through continuous improvement initiatives qualifications minimal bachelor degree in information system computer science statistics or related field have min 2 years of experience in involve project data analysis database management proficiency in sql server python and or r experience with data visualization tableau power bi etc familiar with statistical methods have good analytical thinking communication and collaboration fluent in english both oral and written
8 Elements,Data Analyst,8 Elements,"Jakarta Barat, Jakarta Raya",job description data analysis and interpretation utilize tools like google data studio bigquery and power bi to analyze marketing data and extract meaningful insights developing reporting dashboards create dynamic dashboards and reports that provide real time insights into sales marketing product performance collaborating with sales and marketing teams work closely with other teams to understand their data needs and provide insights that inform strategy and decision making data integration and management integrate data from various sources to provide a comprehensive view of products services campaigns company performance performance tracking monitor key performance indicators kpis to measure the effectiveness of campaigns activities and strategies monitoring and alerts set up a data driven system to alert positive and negative deviations for key parameters predictive analysis use data to predict trends and market movements aiding in proactive strategy development training and support provide training and support to team members in using data analysis tools and understanding reports be an independently working professional with a creative mind and drive for results and success minimum qualifications bachelor s or master s degree in computer science information technology data science software engineering or a related field strong foundation in mathematics statistics and data structures data analysis expert with experience in data programming languages and visualization software excel gsheet sql tableau metabase python etc advanced excel modeling and data visualization skills very strong analytical and problem solving mindset data warehouses snowflake bigquery amazon redshift
,Junior AI Engineer,,"Kabupaten Tangerang, Banten",about us at pt pro teknologi siber we re at the cutting edge of ai innovation our mission is to drive transformative solutions using the power of artificial intelligence to shape the future of computer vision we believe in fostering a culture of collaboration learning and personal growth our team thrives on challenging projects that make a real world impact and we re excited to expand our ai capabilities with driven passionate individuals like you role overview we are looking for a junior ai engineer to join our dynamic team and contribute to the development of ai models including computer vision applications in this role you ll assist in designing implementing and optimizing ai systems using machine learning and deep learning techniques such as convolutional neural networks cnns and object detection frameworks you ll play a key role in data preprocessing ensuring data quality and integrity while also supporting the testing and validation of computer vision models you will collaborate closely with senior engineers to learn and grow in this rapidly evolving field what you ll do develop ai computer vision models assist in the creation and refinement of machine learning and deep learning models including computer vision applications like image classification object detection and image segmentation using frameworks such as tensorflow keras and pytorch code implementation write clean efficient and scalable code in python java or scala to implement ai algorithms particularly for computer vision tasks data management support the team in managing cleaning and preprocessing image and video data ensuring high quality inputs for training and evaluation of computer vision models testing validation help test and validate ai and computer vision systems ensuring their performance and reliability across a variety of use cases continuous learning stay up to date with the latest advancements in ai and computer vision integrating new techniques into your work to improve model performance and innovation team collaboration work closely with senior engineers and cross functional teams contributing ideas and solutions while also enhancing your own technical skills what we re looking for educational background a degree in computer science engineering data science or a related field or equivalent practical experience technical skills experience or coursework in machine learning deep learning and computer vision with proficiency in python java or scala familiarity with frameworks like tensorflow keras pytorch opencv or similar is a plus data handling solid understanding of data preprocessing techniques especially for image and video data and familiarity with data augmentation and annotation methods for computer vision tasks problem solving mindset a curious and analytical mindset eager to tackle complex computer vision problems and innovate team player strong communication and collaboration skills with the ability to work effectively within a team and learn from others growth oriented passionate about ai and computer vision with a desire to continuously develop your technical skills and knowledge why join us learning development be part of a culture that encourages continuous learning and professional growth with access to resources mentorship and real world experience impactful work contribute to projects that make a meaningful impact in industry or field using ai and computer vision to solve real world challenges collaborative environment work with a passionate team of engineers and ai experts who support each other s growth and innovation innovation at scale engage with some of the most cutting edge ai technologies and tools to create solutions that will shape the future if you re excited about the potential of ai and computer vision and are looking for an opportunity to grow in a supportive forward thinking company we d love to hear from you
Enviromate Technology International,Data Engineer,Enviromate Technology International,"Jakarta Utara, Jakarta Raya",job requirements bachelor s degree in computer science information technology or a related field minimum 3 years of experience as a data engineer specially in ai data centre project proficient in python and sql for data processing experienced in designing building and managing data pipelines using elt etl processes experience with cloud platforms aws gcp azure and apache spark familiar with node js linux kubernetes and various big data tools available to join asap placement kelapa gading jakarta utara
Sekolah Kristen IPEKA,IT SUPPORT STAFF,Sekolah Kristen IPEKA,"Tambun Selatan, Jawa Barat",requirements bachelor s degree in electrical engineering informatics minimum 1 year experience in the relevant industry or position having knowledge of it hardware network lan internet server windows office including installation and troubleshooting well organized creative and innovative good command in english location grand wisata tambun bekasi untuk it support magang kebutuhan di jakarta barat send your cv or register online to our website
Steel Pipe Industry of Indonesia,Software Development Specialist,Steel Pipe Industry of Indonesia,"Surabaya, Jawa Timur",qualification bachelor s degree in informatics information systems or related field minimum 7 years of professional experience in software development especially at pyhton proven experience in developing applications python is a must flutter web based strong knowledge of linux windows server postgresql restful apis docker git gitlab main responsibilities develop and maintain applications across web desktop and mobile platforms troubleshoot debug and resolve software issues ensure code quality maintain documentation and follow best practices preferred skills knowledge of devops practices and ci cd pipelines familiarity with agile methodologies
Ihsan Informatics Solutions,Project Manager,Ihsan Informatics Solutions,"Jakarta Selatan, Jakarta Raya",qualifications candidate must possess at least a bachelor s degree in informatics it computer science and similar major solid understanding in sdlc and banking workflow ready to be placed in our banking industry in jakarta responsibilities coordinate internal resources and third parties vendors for the flawless execution of projects ensure that all projects are delivered on time within scope and within budget develop project scopes and objectives involving all relevant stakeholders and ensuring technical feasibility and ensure resource availability and allocation develop a detailed project plan to track progress use verification techniques to manage changes in project scope schedule and costs measure project performance using appropriate systems tools and techniques report and escalate to management as needed perform risk management to minimize project risks establish and maintain relationships with third parties vendors create and maintain comprehensive project documentation skillset scrum methodology research critical thinking growth mindset
Asetku,Team Lead Credit Reviewer,Asetku,"Yogyakarta, DI Yogyakarta",roles and responsibilities supervise kyc know your customer agents in the customer review process to ensure compliance with both internal and regulatory requirements in support of the company s business operations supervise pv phone verification agents in verifying fund recipients as part of the kyc process ensuring alignment with internal and external regulations lead the credit review team to achieve performance targets while maintaining efficiency and accuracy in kyc and pv verification processes prepare and analyze team performance reports identify areas for improvement and provide actionable recommendations for continuous process enhancement report incidents or irregularities related to kyc and pv processes to risk management division develop and or update credit review procedures ensuring they are approved and aligned with risk management policies and regulator collaborate with the qa team leader to conduct periodic refreshment training for kyc and pv agents to ensure ongoing compliance with internal and regulatory standards collaborate with qa team leader to completing tasks related to cr and qa functions such as completing internal audit findings related to the credit review cr process in line with quality assurance qa preparing kyc and pv performance report materials as well as mitigating risks for the credit review process such as daily weekly and or monthly reports presentation materials etc qualifications min bachelor s degree with major in economic management informatics management information system are preferred minimum of 3 years of experience with strong knowledge in credit review cr process including know your customer kyc and phone verification pv with minimum of 1 year experience as team leader tl are preferred proficiency in spreadsheets for basic analysis and reporting such as excel word ppt and presentation with looker studio understanding business processes in the financial industry especially in p2p lending and or banking industries willing to work offline or online on weekend if needed good communication and influencing abilities proactive self motivated positive mindset detail oriented with a strong sense of responsibility and the ability to work independently and in a team
Hipernet Indodata,IT Operation Head,Hipernet Indodata,"Bandung, Jawa Barat",requirements bachelor s degree s1 preferably in informatics engineering 5 years of experience in operational support management preferably in it services or internet service provider isp industries recommended certifications training mikrotik certified network associate mikrotik certified wireless engineer customer service excellence and any related certifications job descriptions manage escalated delivery requests and resolve service issues for signature and priority customers coordinate regular meetings on sla service performance updates and issue handling review sla and service performance report preparation evaluate network analysis planning and topology design proposals oversee device pre configuration before client delivery analyze network performance and recurring issues recommend permanent solutions monitor project and non project work orders for timely and compliant completion oversee field activities survey installation maintenance dismantle per sow ensure sla targets are achieved based on kpi parameters placement bandung west java
Nusantara Compnet Integrator,Onsite Engineer Security,Nusantara Compnet Integrator,"Jakarta Selatan, Jakarta Raya",job descriptions handle and respond to security incidents and breaches including performing digital forensics when necessary assist in monitoring and implementing preventive measures related to cybersecurity perform troubleshooting for network and cybersecurity issues including connectivity problems slow network performance and security device configurations indentify vulnerabilities across all infrastructure elements including networks servers and applications requirements s1 in informatics engineering telecommunication engineering computer science electrical engineering or related engineering discipline having ceh or sscp certificate is a must having min 3 years of experience in the same field having skill in routing switching flexible having high willingness to learn good communication and coordination skill
Nusantara Compnet Integrator,Onsite Engineer CCNP - Project Based,Nusantara Compnet Integrator,Jakarta Raya,job descriptions perform maintenance and troubleshooting of devices at customers in accordance with service level agreement sla requirements s1 in informatics engineering telecommunication engineering computer science electrical engineering or related engineering discipline having ccnp is a must having a minimum of 4 years of experience in the same field good communication and coordination skills having knowledge in tcp ip internet networking and security
PT Harmoni Dinamik Indonesia,IoT System Integration Engineer,PT Harmoni Dinamik Indonesia,"Jakarta Pusat, Jakarta Raya",responsibilities research and evaluate iot hardware ai cameras sensors scanners scales etc design iot architecture and hardware layout for the self checkout system and other various iot implementation integrate peripheral devices barcode scanners digital scales touchscreens sensors cctv ai cameras etc configure device level firmware settings usb hid serial uart rs485 modbus mqtt conduct device performance validation stress testing thermal testing noise interference testing latency and reliability checks perform root cause analysis for hardware failures communication issues and field deployment incidents produce technical documentation wiring diagrams network and port mapping protocol flow charts and configuration sheets develop sops for installation calibration wiring preventive maintenance and troubleshooting procedures troubleshoot devices onsite or remotely monitor device health uptime and telemetry collaborate with developer teams for device to system integration and data synchronization implement device security best practices and ensure compliance with electrical and hardware standards support vendor component evaluation and assist in hardware selection for production deployments assist production readiness pilot test validation hardware qa checklist and deployment standard bom installation guides test scripts requirements bachelor s degree in electrical engineering electronics informatics or related fields 2 4 years of experience in iot hardware integration embedded systems or device engineering strong knowledge of communication protocols mqtt usb hid serial uart rs485 modbus tcp rtu experience with cctv or ai powered cameras rtsp streaming basic video processing experience with microcontrollers esp32 sbcs jetson nano raspberry pi strong knowledge of power management grounding surge protection emi esd considerations and electrical safety standards familiarity with debugging tools oscilloscope logic analyzer serial console and field diagnostic workflows strong problem solving skills cross team communication and experience handling field deployments
IDX Technology Information Solutions,Project Manager IT,IDX Technology Information Solutions,"Jakarta Selatan, Jakarta Raya",pt idx solusi teknologi informasi idxsti was established in november 2018 as a subsidiary of the indonesia stock exchange idx and other self regulatory organizations sros including kpei idclear and ksei idxsti focuses on providing information technology it services for the indonesian capital market and other financial industries our objective is to deliver the best it solutions to support the growth and development of indonesia s capital market at idxsti we are dedicated to pushing the boundaries of innovation in our industry we are looking for a results driven and integrated team player to join our team key responsibilities manage the full lifecycle of application development projects develop project plans including timeline deliverables resource planning and risk management engage with the development team frontend backend database and ui ux to ensure technical alignment and address issues affecting project progress ensure business requirements are properly translated into technical solutions monitor project progress and prepare regular status reports for management consistently apply agile development methodologies scrum kanban identify and resolve issues that arise during project implementation requirements min bachelor s degree in informatics engineering information systems computer science or a related field minimum 3 years of experience as a project manager in application development projects strong understanding of the software development life cycle sdlc combines technical understanding with analytical thinking to bridge communication between business objectives and development teams experienced in working with backend and frontend developer teams strong communication analytical and problem solving skills experience in implementing agile scrum methodologies able to work collaboratively across teams and demonstrate strong leadership skills experience in end to end development projects for internal or commercial applications is a plus having project management certification pmp capm or equivalent is a plus experience in devops or ci cd environments is a plus familiarity with project management tools such as jira trello or asana is a plus ability to work effectively in a dynamic and fast paced environment is a plus
Nusantara Compnet Integrator,Onsite Engineer - CCTV,Nusantara Compnet Integrator,Jakarta Raya,job descriptions analyze customer needs provide solutions and give recommendations to the customer according to their needs preventive and corrective maintenance troubleshooting and solving customer s problems responsive services requirements minimum d3 informatics engineering telecommunication engineering computer science electrical engineering or related engineering discipline having minimum of 2 years of experience in cctv access door network cabling good communication and coordination skills flexible able to work on documentation
Altius Hospital,Revenue Analyst,Altius Hospital,"Jakarta Barat, Jakarta Raya",job descriptions provide data and analysis to make effective decisions to execute strategies and actions for total revenue management update market research about competitor s hospital price generate regular reports and performance metrics related to revenue identify trends and opportunities for growth through the analysis of complex data sets evaluate organizational methods and provide source to target mapping and information model specification documents for data sets create best practice reports based on data mining analysis and visualization requirements bachelor s degree in information technology informatics engineering information systems computer science statistics or related major from reputable university with min 3 00 gpa min 2 years experience working as a revenue analyst form hospital or hotel background would be a plus strong research and analytical skills proficient in excel and understand basic sql server query
Nusantara Compnet Integrator,Network Engineer Implementation,Nusantara Compnet Integrator,"Jakarta Barat, Jakarta Raya",job descriptions candidate will be part of project implementation team as a pic or team member asessment customer existing condition for project implementation prepare and create mop or lld or design document before implementation installation integration or migration based on design document troubleshooting and reporting for network issues create technical closing document coordination with internal team or customer for project implementation requirements minimum bachelor degree s1 in informatics engineering telecommunication engineering computer science electrical engineering or related engineering discipline minimum 2 years experience as a network engineer or in related field having a valid ccnp enterprise concentration certificate on enarsi or enwlsi or ensdwi or acmp or acsp certification is a must have a good knowledge and conceptual in network routing switching or wireless technologies having knowledge and familiarity with cisco or aruba products eager to learn and improve technical skill or softskill having high responsibility high responsive good communication and good coordination skills able to work under pressure flexible able to communicate in english both oral and written
Eka Mas Republik,TAC System Specialist,Eka Mas Republik,"Tangerang, Banten",becoming a leading internet service provider business myrepublic a member of sinar mas subsidiaries of pt dian swastatika sentosa tbk currently are looking for potential candidate to be employed as tac system specialist for our new branches with the following details requirements min bachelor s degree in electrical engineering informatics computer telecommunications min 1 year experience as vsat engineer knowledge on basic ftth system administrator database administrator networking system programmer job description control and monitor system availability so that it works optimally parabola ird encoder dns nms cloud juniper firewall switch and ott server control problem solving on tv viewing devices and systems based on information from the internal unit cs dispatch thd controlling work orders wo through the change request process can be implemented according to expectations and have minimal impact on customers control tv display system vendors to work properly with interaction and regular reports for performance or troubleshooting based on sla all confidentiality of submitted applicant data is the company s priority only shortlisted candidates will be notified
Eka Mas Republik,CX Portfolio Management Manager,Eka Mas Republik,Jakarta Raya,becoming a leading multimedia business in fiber broadband and interactive tv cable myrepublic a member of sinar mas subsidiaries of pt dian swastatika sentosa tbk currently is looking for potential candidates to be employed as cx portfolio management manager requirements minimum bachelor s degree s1 in informatics engineering information management or any related major 3 years of experience in customer retention loyalty programs or portfolio management preferably in telecom isp or subscription services strong background in crm customer lifecycle marketing or subscription based businesses knowledge of isp products and services ftth broadband plans bundled offerings ott services customer centric mindset with a proactive data driven approach all confidentiality of submitted applicant data is the company s priority only shortlisted candidates will be notified
Pengiklan Anonim,Team Leader Helpdesk,Pengiklan Anonim,Jakarta Raya,responsibilities lead guide and supervise the helpdesk team in handling tickets and service requests related to network coordinate closely with the noc team to ensure effective troubleshooting and escalation processes ensure all incidents are handled in full compliance with sla requirements and continuously monitor ticket status serve as the primary escalation point for technical issues that cannot be resolved by level 1 helpdesk staff analyze incident trends and contribute to improvements in noc operational workflows prepare helpdesk performance reports for noc management including ticket trends recurring issues and recommendations for improvement qualifications bachelor s degree s1 in electrical engineering informatics engineering or a related field strong background and hands on experience in both noc and helpdesk operations is highly preferred technical skills in gpon switches and power systems are strongly prioritized 3 5 years of experience in helpdesk with 2 years in a supervisory or team leader role proficient with helpdesk tools such as servicenow zendesk or jira and experienced in hardware software and basic networking troubleshooting strong leadership communication coordination and analytical problem solving abilities able to work efficiently and systematically in a high demand fast paced noc operational environment
Radian Peninsula Indonesia,Internet of Things (IoT),Radian Peninsula Indonesia,"Jakarta Utara, Jakarta Raya",responsibilities lead the research evaluation and selection of industrial iot hardware including environmental sensors motion orientation modules machine condition sensors vibration pressure load strain electrical measurement devices gps nmea modules and plc integrated components architect and optimize end to end iot system designs covering edge acquisition protocol conversion data pipelines cloud ingestion database integration and application level interoperability integrate configure and validate industrial field devices plcs edge gateways microcontrollers and single board computers in production environments design and implement communication stacks using serial uart rs485 modbus tcp rtu mqtt opc ua nmea sentences and other industry protocols perform advanced diagnostics on hardware firmware and connectivity issues including analyzing signal integrity protocol mismatches environmental interference and long term data reliability conduct system validation activities latency benchmarks throughput tests environmental stress testing emi esd robustness checks and operational reliability assessments develop and maintain high quality technical documentation wiring and installation diagrams plc scada mappings communication flow charts and device integration guidelines define and improve standard operating procedures for installation calibration field maintenance incident response and reliability monitoring monitor device telemetry health metrics uptime and data quality to ensure stable field operations and reliable backend data streams collaborate with software cloud analytics and product teams to ensure seamless onboarding of hardware data into dashboards real time monitoring systems and reporting tools implement and review device level security hardening electrical safety compliance grounding earthing approaches and protective measures for emi esd and surge events lead vendor evaluations pilot testing hardware qualification and component selection for projects moving toward mass deployment support project planning with accurate bill of materials bom installation procedures qa validation test plans and integration readiness assessments provide technical guidance to junior engineers and assist in reviewing their work during deployments and troubleshooting activities requirements bachelor s degree in electrical engineering electronics mechatronics informatics or a closely related field 4 6 years of hands on experience in industrial iot integration embedded systems plc connectivity or field device engineering strong command of industrial communication protocols including mqtt modbus tcp rtu rs485 serial opc ua can modbus gateways and nmea data formats proven experience integrating a wide range of sensors vibration condition monitoring temperature humidity pressure load cells imus and electrical measurement modules proficiency with microcontrollers e g esp32 stm32 and single board computers e g raspberry pi jetson nano for edge processing protocol bridging and data acquisition solid understanding of electrical engineering fundamentals grounding shielding surge protection emi esd prevention power distribution and industrial safety practices hands on experience using diagnostic and validation tools such as oscilloscopes logic analyzers multimeters current clamps and serial consoles experience conducting onsite deployments system commissioning and troubleshooting in industrial or remote environments strong analytical documentation and communication skills with the ability to work independently and mentor junior team members advantageous knowledge of cloud iot platforms aws azure gcp node red python for data acquisition or grafana influxdb for monitoring sensor categories covered environmental temperature humidity gas light motion orientation accelerometer gyroscope imu proximity mechanical condition monitoring vibration pressure load cells strain gauges electrical voltage current power measurement and energy monitoring location navigation gps modules gnss nmea based receivers
Saff & Co.,Data Analyst,Saff & Co.,"Jakarta Barat, Jakarta Raya",job description oversee the collection integration and management of data across multiple sales channels develop and maintain data pipelines to ensure data reliability and analytical readiness perform systematic data cleansing transformation and validation activities conduct comprehensive analyses related to sales performance market behavior and campaign effectiveness implement predictive modeling and advanced statistical methods to support business planning create impactful dashboards charts and reports for strategic decision making provide strategic recommendations derived from data driven insights coordinate with cross departmental teams to support analytical requirements ensure data governance quality control and consistency of analytical processes evaluate and enhance internal processes based on analytical findings qualifications bachelor s degree in informatics engineering computer science mathematics statistics or equivalent minimum 2 years of relevant experience as a data analyst previous experience in the beauty personal care industry is advantageous advanced proficiency in analytical programming tools python sql r familiarity with business intelligence platforms such as power bi or tableau exceptional attention to detail with strong problem solving skills ability to collaborate effectively within a cross functional environment strong presentation and communication abilities
Nusantara Compnet Integrator,3rd Level Engineer (Network),Nusantara Compnet Integrator,"Jakarta Barat, Jakarta Raya",qualifications bachelor s degree in informatics engineering computer science or a related field minimum 5 years of experience in network engineering certified ccnp enterprise or ccie enterprise preferred strong understanding of enterprise network architecture routing switching bgp ospf mpls software define network loadbalancer and wireless technologies proficient in advanced troubleshooting and handling complex network incidents experience working with network devices such as cisco juniper aruba huawei dell or similar ability to prepare detailed technical documentation and network designs excellent communication skills and ability to work both independently and as part of a team good verbal and written communication skills in english responsibilities handle level 3 technical escalations from level 1 and level 2 teams focusing on advanced and critical network issues perform root cause analysis rca for complex incidents and propose corrective and preventive solutions design implement and optimize enterprise network infrastructure configure and troubleshoot advanced network devices including routers switches software defined solutions load balancers and wireless controllers monitor network performance analyze logs and telemetry dataand conduct capacity planning to ensure stability and scalability support network maintenance activities upgrades migrations and architectural changes change requests prepare technical documentation topology diagrams sops and troubleshooting or implementation reports collaborate with vendors principals and cross functional teams to resolve complex issues and support project delivery
Nusantara Compnet Integrator,Project Manager Maintenance,Nusantara Compnet Integrator,"Jakarta Barat, Jakarta Raya",job description coordinate with related parties to prepare maintenance service to customers monitoring maintenance service in accordance with the procedure and service level agreement visit to customers regularly job requirements s1 in informatics engineering computer science computer engineering information systems or related engineering discipline with minimal gpa 3 00 minimum 2 years experience as a leader in it company having good communication and negotiation skills good leadership having problem solving ability
Yayasan Kasih Kibar Kreasi Indonesia,ICT Teacher (Information and Communication Technology),Yayasan Kasih Kibar Kreasi Indonesia,"Jakarta Timur, Jakarta Raya",school profile sds harapan prestasi is a primary school committed to developing intelligent creative and character driven students through active integrative and technology enhanced learning we welcome passionate and professional educators who are eager to contribute to our learning community position ict teacher primary school level elementary grades 1 6 employment type full time key responsibilities teach ict subjects including coding computer skills and digital literacy to students in grades 1 6 prepare lesson plans and teaching modules in accordance with the school curriculum and the kurikulum merdeka guide and supervise students in digital projects and ict competitions collaborate with fellow teachers to integrate technology across the curriculum assess student progress and prepare regular reports on learning outcomes qualifications bachelor s degree s1 in informatics education computer science information systems or a related field teaching experience at the elementary level is an advantage proficient with basic educational software and tools e g ms office scratch robomind canva etc able to deliver lessons using creative interactive and project based approaches strong communication skills and a positive professional demeanour able to work well in a team and adapt to the school s culture benefits supportive positive and innovative working environment regular professional development and training opportunities career advancement opportunities within yayasan kasih kibar kreasi indonesia
Steradian Data Optima,Backend Developer (Senior-Level) Golang PHP,Steradian Data Optima,Jakarta Raya,qualifications experience 1 proficient in web service programming languages using golang and php 2 implementing ci cd pipelines to support development needs 3 capable of building backend systems and implementing clean architecture 4 has at least 5 years of experience working on projects as a backend developer 5 s1 in computer science informatics electrical engineering physics mathematics or related with 3 years experienced in back end developer 6 familiar with go language and go idiomatic proficient in rest api graphql design development testing and deployment 7 good communication skills 8 familiar with php laravel and experienced with the goravel framework 9 proficient in using postgresql for backend development 10 able to implement and maintain ci cd pipelines for backend development 11 able to produce complete and detailed backend technical documentation 12 has at least 5 years of experience working on projects using golang 13 understanding docker and redis is a plus 14 understanding message brokers is a plus kafka rabbitmq tasks responsibilities 1 design develop test and deploy back end services 2 lead technical team including coaching and mentoring 3 produce clean high performance scalable and maintainable services 4 analytical thinking and problem solving capabilities 5 share experiences and knowledge with other team members 6 participate in the entire application lifecycle focusing on coding and debugging 7 write clean code to develop robust and scalable software troubleshoot and debug to optimize performance 8 collaborate with business stakeholders to understand their needs and address technical and design requirements 9 collaborate with front end developers to integrate user facing elements with server side logic 10 build reusable code and libraries for future use understand time and space complexity
Steradian Data Optima,Front End React JS Next JS Developer,Steradian Data Optima,Jakarta Raya,key responsibilities 1 develop front end with interactive user experience following best practices in modern front end development 2 improve ui layout reliability scalability and security 3 quickly comes up with mvp and propose solution for problems 4 produce high quality code 5 collaborate with other team members 6 participate in agile scrum development activities sprint planning daily sprint retrospective and other scrum events 7 create complete development documentation according to client sdlc 8 manage and ensure the system runs properly during go live 9 apply clean code standards maintain existing features and resolve bugs 10 ensure all source code is stored in client repository qualifications 1 s1 in computer science informatics electrical engineering physics mathematics or related with 3 years experienced in frontend developer 2 proficient in front end web development using reactjs nextjs within a micro frontend framework 3 knowledgeable in progressive web apps pwa 4 knowledgeable in indexeddb experience in using html and javascript 5 strong knowledge in html5 and css3 6 familiar with consuming api services securely 7 familiar with git 8 able to create ci cd pipeline 9 documenting front end technical work in a complete and detailed manner 10 has at least 3 years of experience working on projects using reactjs and nextjs 11 understanding message brokers is an added value kafka rabbitmq 12 it would be an added value if you understand bamboo
Eiger Ekowisata Nusantara,Network Technician,Eiger Ekowisata Nusantara,"Kabupaten Bogor, Jawa Barat",job summary we are seeking a network technician to support and maintain our network infrastructure ensuring reliable and high quality connectivity across our operational areas you will play a key role in installing configuring and troubleshooting various network devices including radio bts fiber optic wifi and cctv to ensure stable performance and seamless operations job description 1 install configure and maintain network infrastructure including radio bts fiber optic wifi cctv and related devices 2 perform network monitoring and troubleshooting to ensure optimal performance stability and minimal downtime 3 configure backbone distribution networks including basic routing switching and device setup 4 conduct fieldwork such as cable installation fo splicing testing and on site corrective or preventive maintenance 5 document network architecture and assets and collaborate with internal teams to support network improvements and solutions job requirement 1 minimum d3 s1 in informatics engineering electrical engineering or telecommunications 2 at least 1 year of experience as a network technician or related field 3 strong understanding of tcp ip network devices and infrastructure such as radio bts fo wifi and cctv 4 ability to work at heights and willingness to work in shifting schedules 5 good analytical troubleshooting and documentation skills with placement in megamendung bogor about company eiger adventure land is an ecotourism resort blending natural beauty with engaging activities and thrilling adventures built to international standards it offers immersive sustainable experiences that celebrate harmony between generations and nature at eiger adventure land we believe people are the heartbeat of our mission to inspire generations through meaningful experiences in nature as part of our vision to be a blessing company in sustainable ecotourism development we are building a team that grows together while caring for nature
Nusantara Compnet Integrator,IT Account Manager (Software),Nusantara Compnet Integrator,"Jakarta Barat, Jakarta Raya",achieve sales target create customer list create project list build good relationship with customer follow up customer requirements bachelor s degree s1 or master s degree s2 in information systems management systems or informatics engineering with a gpa at least 2 75 4 00 having a minimum of 5 years of experience as account manager in it software having interest in business and sales having experience in medium to large scale projects software good communication high integrity committed and responsible person able to speak english both spoken and written
Steradian Data Optima,Backend Developer (Mid-Level) Golang PHP,Steradian Data Optima,Jakarta Raya,qualifications experience 1 proficient in web service programming languages using golang and php 2 implementing ci cd pipelines to support development needs 3 capable of building backend systems and implementing clean architecture 4 has at least 3 years of experience working on projects as a backend developer 5 s1 in computer science informatics electrical engineering physics mathematics or related with 3 years experienced in back end developer 6 familiar with go language and go idiomatic proficient in rest api graphql design development testing and deployment 7 good communication skills 8 familiar with php laravel and experienced with the goravel framework 9 proficient in using postgresql for backend development 10 able to implement and maintain ci cd pipelines for backend development 11 able to produce complete and detailed backend technical documentation 12 has at least 3 years of experience working on projects using golang 13 understanding docker and redis is a plus 14 understanding message brokers is a plus kafka rabbitmq 15 understanding loki elasticsearch grafana is a plus 16 understanding bamboo is a plus tasks responsibilities 1 design develop test and deploy back end services 2 produce clean high performance scalable and maintainable services 3 analytical thinking and problem solving capabilities 4 share experiences and knowledge with other team members 5 participate in the entire application lifecycle focusing on coding and debugging 6 write clean code to develop robust and scalable software troubleshoot and debug to optimize performance 7 collaborate with business stakeholders to understand their needs and address technical and design requirements 8 collaborate with front end developers to integrate user facing elements with server side logic 9 build reusable code and libraries for future use understand time and space complexity
University of Bunda Mulia,Artificial Intelligence Lecturer (UBM Kampus Ancol),University of Bunda Mulia,"Jakarta Utara, Jakarta Raya",job descriptions provide the best learning experience to improve faculty competitive advantage be enthusiastic and passionate to carry out research and produce a publication contribute actively to community services contribute to implementation of a high quality curriculum participate in the administration of the department s programs of study and other activities as requested requirements candidate must possess at least doctoral degree master s degree in artificial intelligence computer science informatics from reputable university possess a research track record in the field of artificial intelligence have expertise in the development or implementation of artificial intelligence ai technologies including machine learning deep learning computer vision autonomous systems and other ai related fields candidate must possess at least 3 years of working experience in the related field is required in this position have nidn and maintains jja government academic credential rank from dikti is highly preferable good analytical thinking solid conceptual and excellent teaching skill open position for full time lecturer placement at ubm ancol
Mandom Indonesia,Production Automation & Systems Engineer,Mandom Indonesia,"Cibitung, Jawa Barat",about the job company description as a long established japanese multinational company pt mandom indonesia tbk has been committed to delivering high quality health and beauty products to the indonesian market for over five decades since commencing commercial production in 1971 we have grown into one of the country s leading manufacturers of cosmetics and plastic packaging operating integrated factories located in mm 2100 industrial town cibitung our flagship brands gatsby pixy and pucelle have become household names trusted by millions of consumers beyond the domestic market we continue to expand our global footprint through exports to japan the uae india malaysia thailand and several emerging markets across the middle east africa and eastern europe with a strong japanese work culture emphasizing discipline safety and quality excellence mandom indonesia offers a professional environment where talents can grow within a dynamic fmcg industry landscape role description we are seeking a production automation systems engineer to join our team on a full time on site basis at our manufacturing facility in cibitung this role plays a vital part in supporting our digital transformation initiatives enhancing production systems and ensuring seamless integration between technology and factory operations the selected candidate will be responsible for developing and maintaining digital systems integrating production equipment with internal platforms and collaborating closely with cross functional teams to improve operational efficiency and data accuracy job details develop digital systems to support automation of manufacturing and operational processes build applications to monitor production data machine performance and material movement support the development implementation and optimization of iot solutions including device connectivity data acquisition and real time monitoring to enhance manufacturing efficiency collaborate with production engineering and logistics teams to understand operational needs and deliver technology based solutions prepare documentation perform system testing and ensure continuous system improvement and development qualifications bachelor s degree in informatics engineering or a related field 1 3 years of experience in it system development within a manufacturing environment strong understanding of system integration including erp mes and production process mapping hands on experience in web or application development using php laravel python sql or similar technologies knowledge of iot plc integration is a strong advantage comfortable working in cross functional teams able to communicate directly with non it stakeholders to troubleshoot issues or deliver solutions only selected candidates will be noticed shortly placement mandom indonesia factory kawasan industri mm2100 blok pp jl irian jatiwangi kec cikarang barat kabupaten bekasi jawa barat 17520 notes seluruh proses rekrutmen akan dilakukan secara langsung offline di lokasi pabrik kami di cibitung proses ini kami lakukan untuk memastikan kesesuaian lingkungan kerja serta kecocokan perilaku dengan konteks operasional dari posisi yang berbasis di pabrik
Nusantara Compnet Integrator,IT Account Manager Cloud (AWS),Nusantara Compnet Integrator,Jakarta Raya,responsibilites identify and pursue new business opportunities in the aws cloud market to achieve sales target conduct market analysis to uncover emerging trends customer needs and competitive advantages in the cloud space leverage a deep understanding of aws cloud products services and workflows to identify and propose value driven solutions build and maintain strong long term relationships with clients partners and other key stakeholders act as a trusted advisor bridging the gap between technical capabilities and business requirements collaborate with the sales team to develop competitive and accurate pricing for aws solutions deliver compelling presentations that clearly articulate aws solutions and their business value negotiate effectively with clients and partners to secure mutually beneficial agreements present actionable insights and recommendations to drive decision making and business planning requirements bachelor s degree s1 or magister degree s2 in information system management system informatics engineering having at least 5 years of experience in business development in the it industry especially in cloud business having interest in business and sales proven leadership skill good communication in english high integrity committed and responsible person
Epson,Firmware Design Staff,Epson,Jawa Barat,responsibilities designing printer s firmware to controlling printer mechanical movement copy scanner gui image processing conducting designing process from specification study create designing concept programming debugging evaluating in developing firmware requirements d3 d4 s1 electrical electronic informatics computer engineering phydics engineering informatics engineering have experience making any programming laguage have knowledge about microcontroller programming or smartphone application using java objective done several project using c or c or oop or application for smartphone android or ios programming would be advantage strong analytical thinking good in planing and organizing have good systematic of works able work under pressure and tight deadline full time position s available important information our company is highly committed to be not engaged with discrimination practices all applicants have the same opportunities we only select and verify the employee candidates genuinely based on their qualifications and competences that meet with the job requirements be aware our selection process is free of charge
Lawencon International,SAP Helpdesk (L1),Lawencon International,"Jakarta Selatan, Jakarta Raya",job description support branch units in performing bookkeeping activities in through zoom clinic or iris analyze issues and provide the best solutions for users regarding problems encountered handle and resolve iris tickets from branch units in accordance with the established sla job requirements minimum bachelor s degree s1 in information systems informatics engineering computer science accounting or finance minimum 1 year of experience in application support helpdesk or financial system operations for team member minimum 5 years of experience in application support helpdesk or financial system operations for supervisor lead position ability to understand financial system workflows strong communication skills especially in explaining technical solutions to non technical users ability to work with slas prepare periodic reports and document tasks properly able to work collaboratively in a team and provide backup for colleagues when needed proficient in microsoft excel and other reporting tools basic understanding of bookkeeping systems or financial processes is a plus proactive detail oriented and responsible
Astra Graphia,.NET Developer,Astra Graphia,Jakarta Raya,minimum qualifications and experience 1 education bachelor s degree in computer science informatics engineering or information system with minimum gpa 3 00 2 min 1 year of experience 3 technical skills a strong computer science fundamentals algorithm and logical skill b experience with net framework and microsoft sql 4 interpersonal and communication skill a persistence and strive for excellence b good communication and teamwork c natural capacity for analytical thinking and problem solving 5 analytical skill a good oop software development b understand how to analyze and optimizing application what are the job descriptions for this position responsibilities develop application for project and change request using net and microsoft sql internal testing and problem solving bug fixing analyze and optimizing application create documentation
Lippo Malls Indonesia,Data Analyst Manager (Lippo Mall Head Office),Lippo Malls Indonesia,"Jakarta Barat, Jakarta Raya",job description lead and manage the data analytics insights team ensuring delivery of accurate timely and impactful insights implement genai powered analytics workflows use llms to accelerate reporting automate narratives and enhance decision making design and refine prompt engineering frameworks for business intelligence e g translating natural language queries into sql insight pipelines develop and maintain dashboards reports and data visualizations to support business reviews and executive decision making apply advanced analytics and statistical modeling to support strategies in customer acquisition cross sell retention and win back programs establish and maintain a knowledge library analytics documentation prompt templates data dictionaries and business process flow drive a culture of self service analytics enable business users to query and interact with data insights directly with genai agentic ensure data governance quality and compliance in all analytics projects deliver insight driven strategies that go beyond reporting focusing on tangible impact and customer value job requirements bachelor s degree or higher in informatics statistics mathematics computer science data science or related field 5 years proven experience in data analytics bi or business insights with 1 years managing analytics insights teams strong analytical and statistical ability to translate complex data into actionable insights experience in genai analytics e g using llms for data querying automated insight generation narrative analytics working knowledge of prompt engineering and logic design for ai driven insights skilled in sql and data visualization platforms power bi tableau looker or equivalent hands on experience with data pipelines etl elt frameworks advanced spreadsheet and reporting skills excel google sheets familiarity with python r for data analysis strong communication presentation and storytelling abilities able to explain data driven insights to non technical stakeholders strategic mindset not just producing reports but influencing decisions passion for problem solving data exploration and ai driven innovation
